"","Area.Code","Year","meanTDkg"
"1",1,1989,0.0562024591816401
"2",1,1992,0.028511131061565
"3",1,1995,0.010010170484908
"4",1,1998,0.0336324929410367
"5",1,2001,0.00513248556351475
"6",1,2004,-0.000871612661223474
"7",1,2007,0.0198171535574029
"8",1,2010,0.0284694321652418
"9",1,2013,0.0151507381050073
"10",2,1989,-0.347628493500053
"11",2,1992,-0.159772819856986
"12",2,1995,-0.126441964609236
"13",2,1998,-0.142303399359253
"14",2,2001,-0.140853130887272
"15",2,2004,-0.139405897592649
"16",2,2007,-0.105641412175409
"17",2,2010,-0.157100878095035
"18",2,2013,0.0763578242317123
"19",3,1989,-0.374637864993985
"20",3,1992,-0.081796528816315
"21",3,1995,0.0837627429053833
"22",3,1998,0.0990571807433231
"23",3,2001,0.182759722212771
"24",3,2004,0.185096975032627
"25",3,2007,0.156061547540943
"26",3,2010,0.0940413328386267
"27",3,2013,0.0394839451674424
"28",4,1989,0.0565074039928956
"29",4,1992,0.0460003785723447
"30",4,1995,0.00956636616948338
"31",4,1998,0.00540295618988989
"32",4,2001,0.0121645616201979
"33",4,2004,0.0747189347229467
"34",4,2007,0.0723173453919589
"35",4,2010,0.0704547687299091
"36",4,2013,0.0784793718853591
"37",7,1989,0.0277967809888996
"38",7,1992,0.0231537002292627
"39",7,1995,0.0200262102713004
"40",7,1998,0.0441824161282625
"41",7,2001,0.0643957444130585
"42",7,2004,0.0892968935555237
"43",7,2007,0.084764925811039
"44",7,2010,0.0402549294247226
"45",7,2013,0.0491458791204497
"46",8,1989,0.261050061050061
"47",8,1992,0.207875457875458
"48",8,1995,0.218113912231559
"49",8,1998,0.246153846153846
"50",8,2001,0.351143790849673
"51",8,2004,0.304166666666667
"52",8,2007,0.643374741200828
"53",8,2010,0.499206349206349
"54",8,2013,0.932330827067669
"55",9,1989,-0.231611544019645
"56",9,1992,-0.263094349803573
"57",9,1995,-0.12664122115059
"58",9,1998,-0.205434583619128
"59",9,2001,-0.127005791880948
"60",9,2004,-0.367846132011904
"61",9,2007,-0.532375952226877
"62",9,2010,-0.43184355489398
"63",9,2013,-0.378212563186837
"64",10,1989,-0.140470538580825
"65",10,1992,-0.094494483473502
"66",10,1995,-0.107397950295963
"67",10,1998,-0.0912427945872742
"68",10,2001,-0.0391445045336861
"69",10,2004,0.040842863562977
"70",10,2007,0.117702126089028
"71",10,2010,0.179332651930232
"72",10,2013,0.209140186613486
"73",11,1989,0.54297074000442
"74",11,1992,0.625875224845041
"75",11,1995,0.621294129516479
"76",11,1998,0.485012892742922
"77",11,2001,0.47348732134349
"78",11,2004,0.458318397036611
"79",11,2007,0.497125022766714
"80",11,2010,0.462814006085331
"81",11,2013,0.475900152117023
"82",12,1989,0.648401826484018
"83",12,1992,0.654415301474125
"84",12,1995,0.619205811265238
"85",12,1998,0.613968685300207
"86",12,2001,0.731631175197352
"87",12,2004,0.716539762780284
"88",12,2007,0.473666996394269
"89",12,2010,0.564969253380079
"90",12,2013,0.556758056758057
"91",14,1989,0.736126239352046
"92",14,1992,0.696816274402481
"93",14,1995,0.640873015873016
"94",14,1998,0.619444444444444
"95",14,2001,0.726850138760407
"96",14,2004,0.750831847890671
"97",14,2007,0.793954874414645
"98",14,2010,0.79406850459482
"99",14,2013,0.710409932294431
"100",16,1989,0.0188768117820948
"101",16,1992,0.0468912898325162
"102",16,1995,0.0373930018725246
"103",16,1998,0.047680655555573
"104",16,2001,0.0544012989174773
"105",16,2004,0.120564889502685
"106",16,2007,0.0363739573332799
"107",16,2010,0.136753762361685
"108",16,2013,0.0953226223975798
"109",17,1989,0.958169934640523
"110",17,1992,0.983037659508248
"111",17,1995,1.03703703703704
"112",17,1998,1.04363636363636
"113",17,2001,1.0009746588694
"114",17,2004,0.904761904761905
"115",17,2007,0.798534798534798
"116",17,2010,0.743589743589744
"117",17,2013,0.649137529137529
"118",19,1989,0.00821921442846973
"119",19,1992,0.00403638574912781
"120",19,1995,0.0108369798516223
"121",19,1998,0.0117522896823822
"122",19,2001,0.0187918564876901
"123",19,2004,0.000460967857746789
"124",19,2007,-0.0418497361976535
"125",19,2010,-0.0437774815497049
"126",19,2013,-0.0539241649155319
"127",20,1989,0.593796770530147
"128",20,1992,0.736076706688054
"129",20,1995,0.761769207223753
"130",20,1998,0.783932254145832
"131",20,2001,0.856254271990106
"132",20,2004,0.831433606692674
"133",20,2007,0.780682780951664
"134",20,2010,0.798045440398382
"135",20,2013,0.776687340314406
"136",21,1989,-0.470114332069237
"137",21,1992,-0.59637848586821
"138",21,1995,-0.689294877036825
"139",21,1998,-0.456294185684187
"140",21,2001,-0.519271424309736
"141",21,2004,-0.428905346431342
"142",21,2007,-0.428925412364475
"143",21,2010,-0.273756520619949
"144",21,2013,-0.312726289001296
"145",23,1989,-1.8450110864745
"146",23,1992,-1.38557847381377
"147",23,1995,-2.12750977835724
"148",23,1998,-3.22422316384181
"149",23,2001,-3.49840048536996
"150",23,2004,-3.27994987468672
"151",23,2007,-4.41147828863346
"152",23,2010,-3.11112097012718
"153",23,2013,-4.01029289139045
"154",25,1989,0.103508771929825
"155",25,1992,0.0621212121212121
"156",25,1995,-9.25185853854297e-18
"157",25,1998,-9.25185853854297e-18
"158",25,2001,0.0175438596491228
"159",25,2004,0.0353615520282187
"160",25,2007,0.0870628693209338
"161",25,2010,0.0776315789473684
"162",25,2013,0.098001848001848
"163",26,1989,0.743145743145743
"164",26,1992,0.762049062049062
"165",26,1995,0.777273872511968
"166",26,1998,0.783721879213683
"167",26,2001,0.670433145009416
"168",26,2004,0.942690779971112
"169",26,2007,0.726086864451644
"170",26,2010,0.737561509021323
"171",26,2013,0.75351519825204
"172",27,1989,-0.328792968989805
"173",27,1992,-0.147194863676927
"174",27,1995,-0.0170168425316891
"175",27,1998,-0.0463261458880234
"176",27,2001,0.050684994323488
"177",27,2004,0.0991512025567269
"178",27,2007,0.287443109424466
"179",27,2010,0.37297889300698
"180",27,2013,0.384437636790527
"181",28,1989,-0.00143441090549452
"182",28,1992,-0.00361688014675045
"183",28,1995,-0.00301281384186946
"184",28,1998,-0.00254247003693708
"185",28,2001,-0.0073024236482931
"186",28,2004,-0.013652540371195
"187",28,2007,0.00549178837841019
"188",28,2010,-0.0376743212507247
"189",28,2013,-0.00520167177083543
"190",32,1989,-0.0188440695021096
"191",32,1992,-0.046657263737211
"192",32,1995,-0.066250921400098
"193",32,1998,-0.0643022105712292
"194",32,2001,-0.0855519809715599
"195",32,2004,-0.100813531116763
"196",32,2007,-0.0709919367049069
"197",32,2010,-0.063300146066514
"198",32,2013,-0.0460804848484845
"199",33,1989,0.601483830484168
"200",33,1992,0.608653618237723
"201",33,1995,0.616734323389575
"202",33,1998,0.622890244902085
"203",33,2001,0.636710598054753
"204",33,2004,0.646307746684127
"205",33,2007,0.658424393200895
"206",33,2010,0.671180209362636
"207",33,2013,0.678591392902819
"208",35,1989,0.112781954887218
"209",35,1992,0.171082621082621
"210",35,1995,0.305329079522628
"211",35,1998,0.302695132106897
"212",35,2001,0.226158387883455
"213",35,2004,0.249146638801811
"214",35,2007,0.327785087719298
"215",35,2010,0.421688456678994
"216",35,2013,0.339305555555556
"217",37,1989,0.00490291262135922
"218",37,1992,0.00309373070904575
"219",37,1995,0.00986270753512133
"220",37,1998,0.00138888888888889
"221",37,2001,0.00372511209720512
"222",37,2004,0.00369493086776629
"223",37,2007,0.00474311369796629
"224",37,2010,0.00342508604494906
"225",37,2013,0.00546923144643014
"226",38,1989,0.0304301897518794
"227",38,1992,0.0438827639692186
"228",38,1995,0.0337862386550942
"229",38,1998,0.0872486738703251
"230",38,2001,0.104776715623153
"231",38,2004,0.134001943404361
"232",38,2007,0.123053095031694
"233",38,2010,0.138550797649332
"234",38,2013,0.129645326611455
"235",39,1989,0.00204498977505112
"236",39,1992,0
"237",39,1995,0.00194931773879142
"238",39,1998,0
"239",39,2001,-0.0152380952380952
"240",39,2004,0
"241",39,2007,0.00479150479150479
"242",39,2010,0.00163398692810458
"243",39,2013,0.00488735374657705
"244",40,1989,-0.646396468753519
"245",40,1992,-0.958390776584973
"246",40,1995,-0.837604057149811
"247",40,1998,-1.05576106447724
"248",40,2001,-1.29288898426815
"249",40,2004,-1.21583883806844
"250",40,2007,-1.44639160200795
"251",40,2010,-1.57724941603669
"252",40,2013,-1.795288050015
"253",41,1989,-0.0131641851920167
"254",41,1992,-0.0139682664690638
"255",41,1995,-0.0144418220438508
"256",41,1998,-0.0121558087677166
"257",41,2001,-0.0133430450307629
"258",41,2004,-0.0201853752365657
"259",41,2007,-0.027351531059258
"260",41,2010,-0.0266134957631402
"261",41,2013,-0.0253387965532814
"262",44,1989,-0.231549378115029
"263",44,1992,-0.328149432435966
"264",44,1995,-0.309522345947052
"265",44,1998,-0.276802803444668
"266",44,2001,-0.234893292086906
"267",44,2004,-0.197567956746781
"268",44,2007,-0.201300419452144
"269",44,2010,-0.197498987099802
"270",44,2013,-0.163219792941346
"271",46,1989,0.0266666666666667
"272",46,1992,0.0422042124828503
"273",46,1995,0.0392604392842497
"274",46,1998,0.116307528374631
"275",46,2001,0.0975826514402182
"276",46,2004,0.132988627534082
"277",46,2007,0.0446983276798362
"278",46,2010,0.0730305100182149
"279",46,2013,0.0928722142834096
"280",48,1989,-3.12683518369507
"281",48,1992,-3.01723045826866
"282",48,1995,-4.01879427296207
"283",48,1998,-4.38444624536942
"284",48,2001,-3.73369291620242
"285",48,2004,-4.82101539411583
"286",48,2007,-5.11187258701916
"287",48,2010,-6.57359866562538
"288",48,2013,-5.21656640967623
"289",49,1989,-0.399177548196379
"290",49,1992,-0.227461104385334
"291",49,1995,-0.0503784164971615
"292",49,1998,-0.0190234690298668
"293",49,2001,-0.119064611626151
"294",49,2004,-0.0539212272885691
"295",49,2007,-0.0269515861443009
"296",49,2010,-0.0141192985696323
"297",49,2013,-0.013795677842247
"298",50,1989,-0.947616698452421
"299",50,1992,-0.7588492808005
"300",50,1995,-0.689317027624058
"301",50,1998,-0.466067840968239
"302",50,2001,-0.290249031018027
"303",50,2004,-0.387499822096979
"304",50,2007,-0.205778784170605
"305",50,2010,-0.0522103803244294
"306",50,2013,-0.138978425191235
"307",52,1989,0.0562024591816401
"308",52,1992,0.00734710989754383
"309",52,1995,0.0433693479849324
"310",52,1998,0.0308423984130029
"311",52,2001,-0.00649868346523477
"312",52,2004,-0.0494974638340866
"313",52,2007,-0.0704448065324581
"314",52,2010,-0.086519804467103
"315",52,2013,-0.0481168509821387
"316",53,1989,0.0468640027910599
"317",53,1992,0.0140075145458882
"318",53,1995,0.0285989923193233
"319",53,1998,0.0796424278635662
"320",53,2001,0.0882187569563315
"321",53,2004,0.0460633019046525
"322",53,2007,0.105172001698245
"323",53,2010,0.130686661777489
"324",53,2013,0.0983913555389824
"325",54,1989,0.600844116001354
"326",54,1992,0.590701098387624
"327",54,1995,0.590733664400599
"328",54,1998,0.713986071831275
"329",54,2001,0.764332217195896
"330",54,2004,0.843389436647488
"331",54,2007,0.791424761613214
"332",54,2010,0.726699730606872
"333",54,2013,0.776047070770426
"334",55,1989,-1.94065656565657
"335",55,1992,-2.3343956043956
"336",55,1995,-2.10408432147563
"337",55,1998,-1.16883116883117
"338",55,2001,-0.886642156862745
"339",55,2004,-0.522814350400557
"340",55,2007,-0.389426523297491
"341",55,2010,-0.227272727272727
"342",55,2013,-0.0434343434343435
"343",56,1989,-0.0418174061588185
"344",56,1992,-0.103494689489097
"345",56,1995,-0.12594567618771
"346",56,1998,-0.102156782296916
"347",56,2001,-0.139395817565244
"348",56,2004,-0.074288548220322
"349",56,2007,-0.101141036245028
"350",56,2010,-0.120201621954826
"351",56,2013,-0.0993654086935709
"352",57,1989,0.0562024591816401
"353",57,1992,0.0868867655793315
"354",57,1995,0.158235221050124
"355",57,1998,0.125419718012805
"356",57,2001,0.0726870404179475
"357",57,2004,0.156909791562584
"358",57,2007,0.203009530515605
"359",57,2010,0.168445539514017
"360",57,2013,0.194785928963872
"361",58,1989,-0.731248374308994
"362",58,1992,-1.34374286315016
"363",58,1995,-1.31201346705675
"364",58,1998,-1.56698056410986
"365",58,2001,-1.53486565026045
"366",58,2004,-1.93873510234041
"367",58,2007,-2.59040089634697
"368",58,2010,-2.25708546709047
"369",58,2013,-2.53890781058552
"370",59,1989,-0.0176730849286092
"371",59,1992,-0.0249417883184725
"372",59,1995,-0.0217788937180841
"373",59,1998,-0.0184261294540599
"374",59,2001,-0.0174463364040471
"375",59,2004,-0.0366526956486992
"376",59,2007,-0.0380001903667554
"377",59,2010,-0.0492412874885108
"378",59,2013,-0.0743605233313139
"379",60,1989,0.358155192865539
"380",60,1992,0.341646076146076
"381",60,1995,0.260814487121974
"382",60,1998,0.37245582986932
"383",60,2001,0.50605272339668
"384",60,2004,0.615644210865793
"385",60,2007,0.553768172667674
"386",60,2010,0.503145650645651
"387",60,2013,0.530764849668786
"388",63,1989,0.0562024591816401
"389",63,1992,0.065548168098602
"390",63,1995,0.304769093907545
"391",63,1998,0.561246360223637
"392",63,2001,0.625189098388428
"393",63,2004,0.677133528628466
"394",63,2007,0.689332240902503
"395",63,2010,0.692733918590482
"396",63,2013,0.669153873095429
"397",66,1989,0.16607341490545
"398",66,1992,0.26405245491267
"399",66,1995,0.261622289630379
"400",66,1998,0.292809298660362
"401",66,2001,0.286686008398725
"402",66,2004,0.360207370043436
"403",66,2007,0.425310640653106
"404",66,2010,0.462811343246126
"405",66,2013,0.49536231884058
"406",67,1989,0.730362770108798
"407",67,1992,0.719915386104893
"408",67,1995,0.676603276013047
"409",67,1998,0.684571190461301
"410",67,2001,0.721711570028052
"411",67,2004,0.743232420967156
"412",67,2007,0.74587040180058
"413",67,2010,0.749058498035654
"414",67,2013,0.759785173199807
"415",68,1989,0.265987610712387
"416",68,1992,0.299331993811448
"417",68,1995,0.329758201601662
"418",68,1998,0.32553557073919
"419",68,2001,0.361205686464971
"420",68,2004,0.417139283642624
"421",68,2007,0.511389500689321
"422",68,2010,0.54218965279899
"423",68,2013,0.568199402485472
"424",70,1989,0.637435897435897
"425",70,1992,0.575992402659069
"426",70,1995,0.602733686067019
"427",70,1998,0.561446208112875
"428",70,2001,0.533780920599608
"429",70,2004,0.469055474095797
"430",70,2007,0.486521181001284
"431",70,2010,0.526350483988481
"432",70,2013,0.543877885983149
"433",72,1989,0.439739204445087
"434",72,1992,0.376191477432016
"435",72,1995,0.163444081336238
"436",72,1998,0.123117623117623
"437",72,2001,0.153405017921147
"438",72,2004,0.342784552845528
"439",72,2007,0.583916100249924
"440",72,2010,0.510594334023715
"441",72,2013,0.577476519581783
"442",73,1989,0.0562024591816401
"443",73,1992,0.023261787229544
"444",73,1995,-0.0326828345709865
"445",73,1998,0.023744713745735
"446",73,2001,-0.0112236097901575
"447",73,2004,0.0216021167988338
"448",73,2007,0.0612990071208839
"449",73,2010,0.094740672309526
"450",73,2013,0.158408915418261
"451",74,1989,0.0512147521828575
"452",74,1992,0.0693914173186593
"453",74,1995,0.0817465305837399
"454",74,1998,0.100237477446677
"455",74,2001,0.123719951672708
"456",74,2004,0.0941224560044748
"457",74,2007,0.140674904191092
"458",74,2010,0.135893637533909
"459",74,2013,0.152787396139989
"460",75,1989,0.504884004884005
"461",75,1992,0.716224747474747
"462",75,1995,0.66496889555184
"463",75,1998,0.559330759330759
"464",75,2001,0.707744054657732
"465",75,2004,0.691584441584442
"466",75,2007,0.734592777646079
"467",75,2010,0.751107557450841
"468",75,2013,0.67984066012235
"469",79,1989,0.620310623615508
"470",79,1992,0.763820618313842
"471",79,1995,0.773430217499405
"472",79,1998,0.758494476325069
"473",79,2001,0.679051478394383
"474",79,2004,0.726097708188848
"475",79,2007,0.728705418166692
"476",79,2010,0.734749953978214
"477",79,2013,0.749312454660566
"478",80,1989,-0.069274228449884
"479",80,1992,0.0642956983498535
"480",80,1995,0.0571374151066144
"481",80,1998,0.078113027245692
"482",80,2001,0.117134222830892
"483",80,2004,0.165247678787809
"484",80,2007,0.216042446540335
"485",80,2010,0.18206048939224
"486",80,2013,0.165697267537859
"487",81,1989,-0.0029438227223167
"488",81,1992,-3.14893521530376e-06
"489",81,1995,-0.000656706536110945
"490",81,1998,-0.00918649413441743
"491",81,2001,0.00737373376830014
"492",81,2004,0.0234799773421998
"493",81,2007,0.0446879909921447
"494",81,2010,0.0612415733601128
"495",81,2013,0.104615989271719
"496",83,1989,0
"497",83,1992,0
"498",83,1995,0.0333333333333333
"499",83,1998,0
"500",83,2001,0.0909090909090909
"501",83,2004,0
"502",83,2007,0.13966588966589
"503",83,2010,0.0512820512820513
"504",83,2013,0.0957264957264957
"505",84,1989,-0.405573622202395
"506",84,1992,-0.435188790339637
"507",84,1995,-0.452012915025546
"508",84,1998,-0.419864719209483
"509",84,2001,-0.341655467754082
"510",84,2004,-0.179030181841928
"511",84,2007,-0.243869428517787
"512",84,2010,-0.29684359130983
"513",84,2013,-0.427814204440631
"514",86,1989,-0.491285403050109
"515",86,1992,-0.377995642701525
"516",86,1995,-0.126705653021443
"517",86,1998,0.259808612440191
"518",86,2001,0.277385620915033
"519",86,2004,0.207575757575758
"520",86,2007,0.266290726817043
"521",86,2010,0.264619883040936
"522",86,2013,0.225730994152047
"523",89,1989,-0.61647367787342
"524",89,1992,-0.53049469909935
"525",89,1995,-0.675401847558929
"526",89,1998,-0.874589034583612
"527",89,2001,-1.11240160408861
"528",89,2004,-1.02624595203484
"529",89,2007,-1.05033956599285
"530",89,2010,-1.17050268486227
"531",89,2013,-1.48021611750573
"532",90,1989,0.0141272288977677
"533",90,1992,0.0151753847692557
"534",90,1995,0.0205995577439276
"535",90,1998,0.0121274375968109
"536",90,2001,0.0227659960806899
"537",90,2004,0.0250679459529989
"538",90,2007,0.0365082256606232
"539",90,2010,0.0324274412536429
"540",90,2013,0.0523670975532139
"541",91,1989,-0.0171748044490473
"542",91,1992,-0.0114942528735632
"543",91,1995,-0.00505050505050505
"544",91,1998,0.0897727272727273
"545",91,2001,0.161757624398074
"546",91,2004,0.138766568639986
"547",91,2007,0.273050689684353
"548",91,2010,0.0931147333586358
"549",91,2013,0.163887038622979
"550",93,1989,0.000313019530706605
"551",93,1992,-0.00842861575599863
"552",93,1995,-0.0106252671539833
"553",93,1998,0.0211621866469227
"554",93,2001,0.0237487116411819
"555",93,2004,0.0243039539851445
"556",93,2007,0.0348226420256157
"557",93,2010,0.0562932609164126
"558",93,2013,0.0688929212855233
"559",95,1989,-1.92917682435186
"560",95,1992,-1.72356941848534
"561",95,1995,-1.17900259838603
"562",95,1998,-1.08083356160034
"563",95,2001,-0.846749987600855
"564",95,2004,-1.14870113143632
"565",95,2007,-1.29433850750303
"566",95,2010,-0.957102753894063
"567",95,2013,-0.878844900958393
"568",97,1989,-0.884584001003051
"569",97,1992,-0.580002956408538
"570",97,1995,-0.424655119530381
"571",97,1998,-0.437005510231797
"572",97,2001,-0.355307668074966
"573",97,2004,-0.32478973982075
"574",97,2007,-0.14462375114108
"575",97,2010,-0.295694619023342
"576",97,2013,-0.379969801522849
"577",98,1989,-0.069274228449884
"578",98,1992,0.146304843848411
"579",98,1995,0.332381000469554
"580",98,1998,0.301298294314659
"581",98,2001,0.306543510059434
"582",98,2004,0.399322941542559
"583",98,2007,0.394766642748512
"584",98,2010,0.367581951222835
"585",98,2013,0.397197255542769
"586",99,1989,0.933323620823621
"587",99,1992,0.966258806080831
"588",99,1995,0.931372549019608
"589",99,1998,0.916623766623767
"590",99,2001,0.935059871901977
"591",99,2004,0.923586987986684
"592",99,2007,0.950553177245741
"593",99,2010,0.941485185007131
"594",99,2013,0.924232274811078
"595",100,1989,-0.00361568533617506
"596",100,1992,-0.00504745494494551
"597",100,1995,-0.00579482519203558
"598",100,1998,-0.00543088226404074
"599",100,2001,-0.00506769964689188
"600",100,2004,-0.0112900965040759
"601",100,2007,-0.0164201699127872
"602",100,2010,-0.0190151296904536
"603",100,2013,-0.0160077680482158
"604",101,1989,-0.00731496988677977
"605",101,1992,-0.0139640037917345
"606",101,1995,-0.0137543202358007
"607",101,1998,-0.000668990326983465
"608",101,2001,0.00964717581851418
"609",101,2004,0.0116035366863053
"610",101,2007,0.0223743309214788
"611",101,2010,0.031472208564231
"612",101,2013,0.04163339065701
"613",102,1989,-0.0270643642059809
"614",102,1992,-0.0359622788431775
"615",102,1995,-0.0540497138729108
"616",102,1998,-0.0501581072712088
"617",102,2001,-0.0613866655460961
"618",102,2004,-0.0504294805493164
"619",102,2007,-0.0568461859695487
"620",102,2010,-0.0419416586856408
"621",102,2013,-0.0427074526622816
"622",103,1989,0.00861826658838802
"623",103,1992,0.0226718143279571
"624",103,1995,0.0113253024836036
"625",103,1998,-0.0143193558889656
"626",103,2001,0.00666548421163241
"627",103,2004,0.0630205696852812
"628",103,2007,0.145141072363386
"629",103,2010,0.209632488583088
"630",103,2013,0.154666955710256
"631",104,1989,0.673341504003525
"632",104,1992,0.622038310108597
"633",104,1995,0.624521348042022
"634",104,1998,0.675272222448454
"635",104,2001,0.766771384355036
"636",104,2004,0.764667689572763
"637",104,2007,0.842882392351766
"638",104,2010,0.910366355251086
"639",104,2013,0.891289780393994
"640",105,1989,-0.88669242640909
"641",105,1992,-0.720309381447525
"642",105,1995,-0.456939976732433
"643",105,1998,-0.355480118363068
"644",105,2001,-0.204439020965014
"645",105,2004,-0.144488649383695
"646",105,2007,-0.214607772140001
"647",105,2010,-0.258948006234864
"648",105,2013,-0.324909921294664
"649",106,1989,-0.224858643035514
"650",106,1992,-0.209194613753004
"651",106,1995,-0.277686760514771
"652",106,1998,-0.273968074757367
"653",106,2001,-0.290231237141478
"654",106,2004,-0.2355444218129
"655",106,2007,-0.253568692108869
"656",106,2010,-0.26755767703983
"657",106,2013,-0.343611302723084
"658",107,1989,-0.122743353315891
"659",107,1992,-0.110943690001734
"660",107,1995,-0.140905208676574
"661",107,1998,-0.15201168416729
"662",107,2001,-0.241129875460391
"663",107,2004,-0.163460005412451
"664",107,2007,-0.132337596412847
"665",107,2010,-0.0810682412264746
"666",107,2013,-0.0654718201104715
"667",108,1989,0.0562024591816401
"668",108,1992,0.0498103855876566
"669",108,1995,0.021866629023777
"670",108,1998,-0.0720286603106553
"671",108,2001,-0.0546942527302125
"672",108,2004,-0.0162122359950468
"673",108,2007,0.0245416758978112
"674",108,2010,0.125771490667291
"675",108,2013,0.343900082188319
"676",109,1989,-0.131904494153119
"677",109,1992,-0.285149776788376
"678",109,1995,-0.213554042031486
"679",109,1998,-0.122691663046609
"680",109,2001,0.00876309427880741
"681",109,2004,0.0131960148361119
"682",109,2007,0.0851111838566816
"683",109,2010,0.0693814680519438
"684",109,2013,0.0591366066869778
"685",110,1989,0.15507937266405
"686",110,1992,0.18715695641252
"687",110,1995,0.251337867046338
"688",110,1998,0.272477986077416
"689",110,2001,0.312909726047113
"690",110,2004,0.353010883789877
"691",110,2007,0.373599355650841
"692",110,2010,0.348953488179134
"693",110,2013,0.380685015089506
"694",112,1989,-0.485244603854579
"695",112,1992,-0.518543110322092
"696",112,1995,-0.380797033870589
"697",112,1998,-0.50122899178516
"698",112,2001,-0.47394545409351
"699",112,2004,-0.375240721860595
"700",112,2007,-0.541560870023711
"701",112,2010,-0.596046182054386
"702",112,2013,-0.455707897691062
"703",113,1989,0.0562024591816401
"704",113,1992,0.027781736459085
"705",113,1995,-0.20093517716177
"706",113,1998,-0.402133204187999
"707",113,2001,-0.116250699731942
"708",113,2004,-0.0337044160340524
"709",113,2007,-0.00318817475573583
"710",113,2010,-0.114398225526514
"711",113,2013,-0.158390366000513
"712",114,1989,-0.080476175455848
"713",114,1992,-0.0783985255758638
"714",114,1995,-0.0660648447866299
"715",114,1998,-0.0684764800373149
"716",114,2001,-0.0520331147093032
"717",114,2004,-0.0569799235141258
"718",114,2007,-0.0562680862857514
"719",114,2010,-0.0460815466693915
"720",114,2013,-0.0245580063514598
"721",115,1989,0
"722",115,1992,0
"723",115,1995,0.00199052022041655
"724",115,1998,0.0155001009293572
"725",115,2001,0.0138779586280519
"726",115,2004,0.0145907819989433
"727",115,2007,0.0714959613491019
"728",115,2010,0.0613948144530888
"729",115,2013,0.04678102832297
"730",116,1989,-0.000964031513024152
"731",116,1992,0.000655981222719674
"732",116,1995,0.000693282149712092
"733",116,1998,0.000229681043049319
"734",116,2001,0.000795018039384014
"735",116,2004,0.00322301559357152
"736",116,2007,0.00322578213175868
"737",116,2010,0.00143984364641669
"738",116,2013,0.00229306133314177
"739",117,1989,0.0134824950514278
"740",117,1992,0.0636499943707018
"741",117,1995,0.0789782724889804
"742",117,1998,0.0715471919278725
"743",117,2001,0.0801981653875596
"744",117,2004,0.0987370787635847
"745",117,2007,0.140021004409148
"746",117,2010,0.141756615266424
"747",117,2013,0.181802635285348
"748",118,1989,0.836229635095365
"749",118,1992,0.813163528743512
"750",118,1995,0.865595990114741
"751",118,1998,0.831443582631527
"752",118,2001,0.780805369704868
"753",118,2004,0.598056472979349
"754",118,2007,0.72906501013029
"755",118,2010,0.562927452398228
"756",118,2013,0.651472857980786
"757",119,1989,0.0562024591816401
"758",119,1992,0.0602012719066354
"759",119,1995,0.208580931887543
"760",119,1998,0.267486168437449
"761",119,2001,0.488295329358385
"762",119,2004,0.459589100233656
"763",119,2007,0.52905179193772
"764",119,2010,0.567746577414719
"765",119,2013,0.566499327610439
"766",120,1989,0
"767",120,1992,0.00335218939870103
"768",120,1995,0.00678041389044565
"769",120,1998,0.00509720463375968
"770",120,2001,0.00209277239507676
"771",120,2004,0.0121123742831047
"772",120,2007,0.0351607265406444
"773",120,2010,0.00343127961184989
"774",120,2013,0.00229111918037317
"775",121,1989,-0.0803942147843003
"776",121,1992,-0.0321449792038027
"777",121,1995,-0.00558026222179385
"778",121,1998,-0.046638616997189
"779",121,2001,-0.0643958171251494
"780",121,2004,-0.0965115712776633
"781",121,2007,-0.14479516369407
"782",121,2010,-0.22376802091913
"783",121,2013,-0.128556516727693
"784",122,1989,0.456357442658812
"785",122,1992,0.542965367965368
"786",122,1995,0.558923149284595
"787",122,1998,0.585778548936444
"788",122,2001,0.618207230500556
"789",122,2004,0.545321637426901
"790",122,2007,0.497943037974683
"791",122,2010,0.511657932710564
"792",122,2013,0.521488013911315
"793",123,1989,0.046173116192566
"794",123,1992,0.0230266187712996
"795",123,1995,0.0181992117495702
"796",123,1998,0.0154433782969453
"797",123,2001,0.0178297082041108
"798",123,2004,0.0194248751358867
"799",123,2007,0.0426867220515448
"800",123,2010,0.0439533140765776
"801",123,2013,0.0553501928824335
"802",126,1989,0.0562024591816401
"803",126,1992,0.0415830264864016
"804",126,1995,-0.00244141044474799
"805",126,1998,0.204666734919963
"806",126,2001,0.328900926946509
"807",126,2004,0.400960956919461
"808",126,2007,0.473148367604937
"809",126,2010,0.428919736117572
"810",126,2013,0.421854601374822
"811",129,1989,-0.00210205217270847
"812",129,1992,-0.00784074343769048
"813",129,1995,-0.01540083172883
"814",129,1998,-0.0152698296099148
"815",129,2001,-0.0208664322316345
"816",129,2004,-0.0160015500706085
"817",129,2007,-0.0245110346746687
"818",129,2010,-0.0171602996041277
"819",129,2013,-0.00903569460248547
"820",130,1989,-0.001616497864266
"821",130,1992,0.00356711915535445
"822",130,1995,0.000973972384432378
"823",130,1998,0.000957206742913372
"824",130,2001,0.0010756743590348
"825",130,2004,0.00224170845116165
"826",130,2007,0.00279458695004894
"827",130,2010,0.00557857076491597
"828",130,2013,0.00346709002126835
"829",131,1989,0.0875802231382833
"830",131,1992,0.0823323419679273
"831",131,1995,0.109059225304679
"832",131,1998,0.206746804016802
"833",131,2001,0.266550692115411
"834",131,2004,0.259803738004168
"835",131,2007,0.356289952757396
"836",131,2010,0.356434931699981
"837",131,2013,0.376653320637387
"838",132,1989,0.16289592760181
"839",132,1992,0.141414141414141
"840",132,1995,0.478352490421456
"841",132,1998,0.670902574128381
"842",132,2001,0.766013071895425
"843",132,2004,0.845936988794132
"844",132,2007,0.830627705627706
"845",132,2010,0.875479185384846
"846",132,2013,0.938987503521951
"847",133,1989,0.0105017006802721
"848",133,1992,0.00827417776005637
"849",133,1995,0.00739864757773667
"850",133,1998,0.0158156244973545
"851",133,2001,0.0182227331322866
"852",133,2004,0.0168092124444938
"853",133,2007,0.0331819134405764
"854",133,2010,0.0308421364117239
"855",133,2013,0.0307780207961696
"856",134,1989,0.378314575428216
"857",134,1992,0.383622200584226
"858",134,1995,0.443242155885834
"859",134,1998,0.403294540956879
"860",134,2001,0.420006876903429
"861",134,2004,0.444457495987574
"862",134,2007,0.451364337611858
"863",134,2010,0.431534194753322
"864",134,2013,0.433990682882035
"865",136,1989,0.294577655108964
"866",136,1992,0.428823353862015
"867",136,1995,0.33582407930234
"868",136,1998,0.344409558695273
"869",136,2001,0.501277933895357
"870",136,2004,0.664226004851005
"871",136,2007,0.668563765785988
"872",136,2010,0.824671782688044
"873",136,2013,0.857737427181872
"874",137,1989,0.264455855084867
"875",137,1992,0.304818009599329
"876",137,1995,0.300572007958372
"877",137,1998,0.303022763837811
"878",137,2001,0.351017189153786
"879",137,2004,0.394456740705858
"880",137,2007,0.424363536007372
"881",137,2010,0.476714878277133
"882",137,2013,0.45715678533831
"883",138,1989,-0.202571637565932
"884",138,1992,-0.172428465973743
"885",138,1995,-0.20253761298468
"886",138,1998,-0.262117795303176
"887",138,2001,-0.216202787369051
"888",138,2004,-0.213070141572655
"889",138,2007,-0.278446213597127
"890",138,2010,-0.355744510925009
"891",138,2013,-0.419309015877134
"892",141,1989,0.261923640459933
"893",141,1992,0.326970560303894
"894",141,1995,0.296763149704326
"895",141,1998,0.54005229005229
"896",141,2001,0.513708183502234
"897",141,2004,0.626705694282333
"898",141,2007,0.63571275067244
"899",141,2010,0.645719977239491
"900",141,2013,0.655468657257558
"901",143,1989,-0.221271555587999
"902",143,1992,-0.219671486363328
"903",143,1995,-0.206382272681491
"904",143,1998,-0.192639306796316
"905",143,2001,-0.192341985320961
"906",143,2004,-0.131050215373928
"907",143,2007,-0.153299831537175
"908",143,2010,-0.18574917186542
"909",143,2013,-0.178472112863279
"910",144,1989,-0.0171759880665042
"911",144,1992,-0.0186039084744744
"912",144,1995,-0.00231481481481482
"913",144,1998,0.00546929747176759
"914",144,2001,0.00587384344709674
"915",144,2004,0.112248095907309
"916",144,2007,0.0614485111662531
"917",144,2010,0.0342210232215025
"918",144,2013,-0.0176336245598795
"919",146,1989,0.0562024591816401
"920",146,1992,-0.147121052846481
"921",146,1995,-0.591633632353309
"922",146,1998,-0.488972145783803
"923",146,2001,-0.341321299943427
"924",146,2004,-0.568026175751104
"925",146,2007,-0.461573857086112
"926",146,2010,-0.42507859539801
"927",146,2013,-0.623840708369976
"928",147,1989,0.823912181583903
"929",147,1992,0.82786104826546
"930",147,1995,0.821383605939089
"931",147,1998,0.811976678481533
"932",147,2001,0.685471423598045
"933",147,2004,0.357540819074196
"934",147,2007,0.233911145351823
"935",147,2010,0.163086611456177
"936",147,2013,0.556044309591069
"937",149,1989,0.0147206753395535
"938",149,1992,0.00709695932776504
"939",149,1995,0.00414729816819316
"940",149,1998,0.0211982395763526
"941",149,2001,0.00616920012708033
"942",149,2004,0.051493965535606
"943",149,2007,0.0504791206627164
"944",149,2010,0.0290895750327444
"945",149,2013,0.0287832161902052
"946",150,1989,-0.21962848433681
"947",150,1992,-0.184060727595994
"948",150,1995,-0.285073840900759
"949",150,1998,-0.24181955068185
"950",150,2001,-0.167760600605761
"951",150,2004,-0.125926128438434
"952",150,2007,-0.314022510132753
"953",150,2010,-0.524478143948439
"954",150,2013,-0.264504218936065
"955",153,1989,0.592681197944356
"956",153,1992,0.707516339869281
"957",153,1995,0.745614035087719
"958",153,1998,0.747222222222222
"959",153,2001,0.693691298954457
"960",153,2004,0.72765006385696
"961",153,2007,0.645565780159774
"962",153,2010,0.707607278330962
"963",153,2013,0.802267526523819
"964",154,1989,-0.069274228449884
"965",154,1992,-0.00858483117257521
"966",154,1995,-0.136386406810428
"967",154,1998,-0.153977797481671
"968",154,2001,-0.104887391049761
"969",154,2004,-0.224912186320398
"970",154,2007,-0.42172825785288
"971",154,2010,-0.446318495311426
"972",154,2013,-0.45746924146559
"973",155,1989,0.0613275613275613
"974",155,1992,0.0695410628019324
"975",155,1995,-0.00952380952380953
"976",155,1998,0.0494505494505494
"977",155,2001,0.0723712217965091
"978",155,2004,0.0682539682539682
"979",155,2007,0.0671513321680174
"980",155,2010,0.107613954672778
"981",155,2013,0.102272727272727
"982",156,1989,-0.453292021317384
"983",156,1992,-0.750898357599875
"984",156,1995,-0.574118054451421
"985",156,1998,-0.668141817204317
"986",156,2001,-0.804655652053296
"987",156,2004,-0.79010927669254
"988",156,2007,-0.716214847766904
"989",156,2010,-0.708845353624542
"990",156,2013,-0.822608365378747
"991",157,1989,-0.396424441845723
"992",157,1992,-0.299777220829852
"993",157,1995,-0.123058003689281
"994",157,1998,-0.31269468171718
"995",157,2001,-0.0841969003553875
"996",157,2004,-0.069490231990232
"997",157,2007,-0.0354810832399417
"998",157,2010,0.196962583708323
"999",157,2013,0.042386189850059
"1000",158,1989,-0.0344351075985527
"1001",158,1992,-0.0712521983583349
"1002",158,1995,-0.061237430498048
"1003",158,1998,-0.11622029869541
"1004",158,2001,-0.0713560702786125
"1005",158,2004,-0.0428892924333689
"1006",158,2007,-0.0413811918719848
"1007",158,2010,-0.0342864030515697
"1008",158,2013,-0.0114681147705559
"1009",159,1989,0.000193501570041612
"1010",159,1992,0.00012926294229026
"1011",159,1995,1.70029298315164e-07
"1012",159,1998,0.000524314786169929
"1013",159,2001,0.00536187822256199
"1014",159,2004,0.0102245395798585
"1015",159,2007,0.0153426493576792
"1016",159,2010,0.0155822070210992
"1017",159,2013,0.0227108806023892
"1018",162,1989,0.612700401561631
"1019",162,1992,0.696382983308159
"1020",162,1995,0.733268898021841
"1021",162,1998,0.795233966691315
"1022",162,2001,0.81778011542618
"1023",162,2004,0.817283011883577
"1024",162,2007,0.840991156911286
"1025",162,2010,0.843955952137086
"1026",162,2013,0.875035858690747
"1027",165,1989,-0.0108822140294192
"1028",165,1992,-0.0119592170315988
"1029",165,1995,-0.00696523137208742
"1030",165,1998,-0.00517278281147363
"1031",165,2001,-0.00926050303703533
"1032",165,2004,-0.00983964369872836
"1033",165,2007,-0.00544970975959057
"1034",165,2010,-0.00554664246963441
"1035",165,2013,-0.0584214087181118
"1036",166,1989,-2.34040560890972
"1037",166,1992,-2.89157583366623
"1038",166,1995,-2.69683546917595
"1039",166,1998,-1.95065598007031
"1040",166,2001,-1.53781266524373
"1041",166,2004,-1.15560229071375
"1042",166,2007,-1.52810361681329
"1043",166,2010,-0.922665071077081
"1044",166,2013,-0.467286646180387
"1045",167,1989,0.272259736866466
"1046",167,1992,0.127549952204628
"1047",167,1995,0.416950628817107
"1048",167,1998,0.467360105361589
"1049",167,2001,0.48905788396147
"1050",167,2004,0.69687476857939
"1051",167,2007,0.765125510514519
"1052",167,2010,0.812560130970909
"1053",167,2013,0.797823319541651
"1054",169,1989,-0.00846448393133519
"1055",169,1992,0.0198536645267624
"1056",169,1995,0.050068580953339
"1057",169,1998,0.0355148658291606
"1058",169,2001,0.115111929235719
"1059",169,2004,0.0665774753698858
"1060",169,2007,0.109810248647982
"1061",169,2010,0.107727706566416
"1062",169,2013,0.108585671840056
"1063",170,1989,-0.0154499256574136
"1064",170,1992,-0.0238852028863119
"1065",170,1995,-0.019356520078632
"1066",170,1998,-0.0312179112964388
"1067",170,2001,-0.0370778738682234
"1068",170,2004,-0.0800046763799472
"1069",170,2007,-0.134026030856644
"1070",170,2010,-0.161515624001494
"1071",170,2013,-0.213549855379034
"1072",171,1989,-0.14761465873652
"1073",171,1992,-0.135249389008088
"1074",171,1995,-0.169593477766293
"1075",171,1998,-0.151926168116721
"1076",171,2001,-0.180141015088354
"1077",171,2004,-0.222472534546384
"1078",171,2007,-0.245550280148332
"1079",171,2010,-0.145744073012277
"1080",171,2013,-0.218271365347701
"1081",173,1989,-0.122720589093825
"1082",173,1992,-0.0726360151531278
"1083",173,1995,-0.0180937366673703
"1084",173,1998,0.0485545965943381
"1085",173,2001,0.0377236587345305
"1086",173,2004,-0.114098479713589
"1087",173,2007,-0.166101541639848
"1088",173,2010,-0.170289567074184
"1089",173,2013,-0.199123389990871
"1090",174,1989,-0.0993586203637424
"1091",174,1992,-0.0220487505088644
"1092",174,1995,0.0123528227572537
"1093",174,1998,0.034877059099216
"1094",174,2001,0.0664083190931175
"1095",174,2004,0.0295532940223206
"1096",174,2007,0.00517029380391411
"1097",174,2010,-0.00221283894959255
"1098",174,2013,-0.0630713088220309
"1099",175,1989,0.0101033295063146
"1100",175,1992,0.0137140797198476
"1101",175,1995,0.0127150802783714
"1102",175,1998,0.0231914739059598
"1103",175,2001,0.0183964183964184
"1104",175,2004,0.0286179230049784
"1105",175,2007,0.0363478724823263
"1106",175,2010,0.0395402370040051
"1107",175,2013,0.0469111790312124
"1108",176,1989,0.210526315789474
"1109",176,1992,0.239417453891138
"1110",176,1995,0.286917352134743
"1111",176,1998,0.328545723282565
"1112",176,2001,0.383489681050657
"1113",176,2004,0.277051777051777
"1114",176,2007,0.198484725711044
"1115",176,2010,0.112180569627378
"1116",176,2013,0.107839042049568
"1117",181,1989,-0.0522000811280448
"1118",181,1992,-0.063494437625766
"1119",181,1995,-0.0994836337811048
"1120",181,1998,-0.128919757519559
"1121",181,2001,-0.318982302891092
"1122",181,2004,-0.200693944857773
"1123",181,2007,-0.206136279926335
"1124",181,2010,-0.0386988357260584
"1125",181,2013,0.0544880230770663
"1126",183,1989,-0.0892255612307539
"1127",183,1992,0.0160273144231864
"1128",183,1995,0.0186980222847119
"1129",183,1998,0.0436176130701806
"1130",183,2001,0.0720662664229296
"1131",183,2004,0.0815571458671525
"1132",183,2007,0.157802281835535
"1133",183,2010,0.142062099783167
"1134",183,2013,0.146873021869567
"1135",184,1989,5.99371180069561e-06
"1136",184,1992,0
"1137",184,1995,0.000158052789631737
"1138",184,1998,0.00176531022265984
"1139",184,2001,0.000988266906530303
"1140",184,2004,0.000567412904227668
"1141",184,2007,0.000311720698254364
"1142",184,2010,0.0029402949818828
"1143",184,2013,0.00479680935970168
"1144",185,1989,0.0562024591816401
"1145",185,1992,0.156311310273035
"1146",185,1995,0.269737064001806
"1147",185,1998,0.256210332830054
"1148",185,2001,0.2250797393512
"1149",185,2004,0.316239608013684
"1150",185,2007,0.420360433717934
"1151",185,2010,0.460771144706869
"1152",185,2013,0.447536639902362
"1153",188,1989,0.75
"1154",188,1992,0.833333333333333
"1155",188,1995,0.672222222222222
"1156",188,1998,0.722222222222222
"1157",188,2001,0.805555555555555
"1158",188,2004,0.761904761904762
"1159",188,2007,0.759259259259259
"1160",188,2010,0.738095238095238
"1161",188,2013,0.6
"1162",189,1989,-3.72701149425287
"1163",189,1992,-3.70498084291188
"1164",189,1995,-3.09090909090909
"1165",189,1998,-1.81156321156321
"1166",189,2001,-1.20939090572016
"1167",189,2004,-0.97196029776675
"1168",189,2007,-0.512345679012346
"1169",189,2010,-0.794685990338164
"1170",189,2013,0.136363636363636
"1171",191,1989,-5.33636363636364
"1172",191,1992,-6.97878787878788
"1173",191,1995,-4.8969696969697
"1174",191,1998,-3.94545454545455
"1175",191,2001,-3.02503052503052
"1176",191,2004,-1.2979797979798
"1177",191,2007,-0.703703703703704
"1178",191,2010,-0.407407407407407
"1179",191,2013,0.208395061728395
"1180",193,1989,0
"1181",193,1992,0
"1182",193,1995,0
"1183",193,1998,0
"1184",193,2001,0
"1185",193,2004,0.0319444444444444
"1186",193,2007,0.05471987824929
"1187",193,2010,0.0548449612403101
"1188",193,2013,0.0789855072463768
"1189",194,1989,0.352723539066777
"1190",194,1992,0.342414282477563
"1191",194,1995,0.320077643120917
"1192",194,1998,0.283098007339141
"1193",194,2001,0.342786894916601
"1194",194,2004,0.308616927579878
"1195",194,2007,0.317917024090574
"1196",194,2010,0.217847369873266
"1197",194,2013,0.282115952459707
"1198",195,1989,0.108187433030885
"1199",195,1992,0.0843059809054313
"1200",195,1995,0.0644396235277243
"1201",195,1998,0.093010846122734
"1202",195,2001,0.14102228176351
"1203",195,2004,0.143669108830583
"1204",195,2007,0.186261590489595
"1205",195,2010,0.199592051561368
"1206",195,2013,0.188133186037822
"1207",197,1989,0.0217718229664333
"1208",197,1992,0.0208404305420983
"1209",197,1995,0.0255196422351432
"1210",197,1998,0.0213287311292611
"1211",197,2001,0.0213207123845422
"1212",197,2004,0.0292944213432197
"1213",197,2007,0.0200717628648833
"1214",197,2010,0.0292493664958018
"1215",197,2013,0.0476672804298579
"1216",198,1989,-0.069274228449884
"1217",198,1992,0.237382910762909
"1218",198,1995,0.501257425513718
"1219",198,1998,0.445801683696421
"1220",198,2001,0.557511295261573
"1221",198,2004,0.464027562193763
"1222",198,2007,0.466168559734984
"1223",198,2010,0.514064210366659
"1224",198,2013,0.495989612484167
"1225",199,1989,0.272259736866466
"1226",199,1992,0.127549952204628
"1227",199,1995,0.153339145231292
"1228",199,1998,0.365075868684848
"1229",199,2001,0.316510126061539
"1230",199,2004,0.431762701980172
"1231",199,2007,0.548466086643724
"1232",199,2010,0.619651980916939
"1233",199,2013,0.751185479551718
"1234",202,1989,-0.363457339735562
"1235",202,1992,-0.41079128179658
"1236",202,1995,-0.429011963959099
"1237",202,1998,-0.432866582371127
"1238",202,2001,-0.505101389551674
"1239",202,2004,-0.61307641967473
"1240",202,2007,-0.692482205710141
"1241",202,2010,-0.690380299097055
"1242",202,2013,-0.69863544300798
"1243",203,1989,-0.436128756720781
"1244",203,1992,-0.412339484846201
"1245",203,1995,-0.652790469451017
"1246",203,1998,-0.754455810030864
"1247",203,2001,-0.76313936347266
"1248",203,2004,-0.855353097351468
"1249",203,2007,-0.887786733179218
"1250",203,2010,-0.92894299844213
"1251",203,2013,-1.35687531613286
"1252",206,1989,-0.0010525097623114
"1253",206,1992,-0.000510026886149033
"1254",206,1995,0.00622275414687234
"1255",206,1998,-0.000663189194526364
"1256",206,2001,-0.00168507487562566
"1257",206,2004,0.00504041021428396
"1258",206,2007,0.0145311027816408
"1259",206,2010,0.018180176170091
"1260",206,2013,0.0200063527693848
"1261",207,1989,-0.745950715321107
"1262",207,1992,-0.439637925145171
"1263",207,1995,-0.369011855945801
"1264",207,1998,-0.324616626311541
"1265",207,2001,-0.388195498932138
"1266",207,2004,0.0731981468823574
"1267",207,2007,-0.376691521679094
"1268",207,2010,-0.655638510710974
"1269",207,2013,-0.621533327970171
"1270",208,1989,0.0562024591816401
"1271",208,1992,0.00562128842923309
"1272",208,1995,-0.0949048483236963
"1273",208,1998,-0.0946115806035477
"1274",208,2001,-0.234382926909692
"1275",208,2004,-0.251292620869681
"1276",208,2007,-0.245032715194883
"1277",208,2010,-0.205761628243257
"1278",208,2013,-0.121938087751675
"1279",209,1989,-0.526451933746767
"1280",209,1992,-0.386685754272693
"1281",209,1995,-0.417095143924412
"1282",209,1998,-1.0030896079362
"1283",209,2001,-0.638900250692704
"1284",209,2004,-0.15222768949477
"1285",209,2007,-0.0186071238702818
"1286",209,2010,-0.0945726194952485
"1287",209,2013,-0.0237660035765719
"1288",210,1989,0.748704825431424
"1289",210,1992,0.823512367729023
"1290",210,1995,0.851313475218398
"1291",210,1998,0.846031705798692
"1292",210,2001,0.869271323477032
"1293",210,2004,0.876457684626788
"1294",210,2007,0.890267053333133
"1295",210,2010,0.898990060958307
"1296",210,2013,0.920858137846534
"1297",211,1989,0.564672617031661
"1298",211,1992,0.581020287001632
"1299",211,1995,0.590324941819756
"1300",211,1998,0.582168443941586
"1301",211,2001,0.461549190083639
"1302",211,2004,0.268604870505925
"1303",211,2007,0.140926668753473
"1304",211,2010,0.480055447431943
"1305",211,2013,0.632969310091754
"1306",213,1989,0.0562024591816401
"1307",213,1992,0.0298942569260187
"1308",213,1995,0.0152792348295336
"1309",213,1998,0.0612812816625445
"1310",213,2001,0.0463978910682716
"1311",213,2004,0.0232605587401874
"1312",213,2007,0.0126100387432487
"1313",213,2010,0.014800419592754
"1314",213,2013,0.0235961182525895
"1315",214,1989,-0.0862507224867289
"1316",214,1992,-0.0180821990685082
"1317",214,1995,0.0597172520671317
"1318",214,1998,0.0924176341877187
"1319",214,2001,0.103189620772212
"1320",214,2004,0.105977933109603
"1321",214,2007,0.134038367990456
"1322",214,2010,0.125165140233803
"1323",214,2013,0.119685720379398
"1324",215,1989,0
"1325",215,1992,0
"1326",215,1995,0.00227192560053286
"1327",215,1998,0.00188347232068479
"1328",215,2001,-1.80186625647713e-06
"1329",215,2004,-0.000338549231644809
"1330",215,2007,0.00232635321152267
"1331",215,2010,-0.00205797757905386
"1332",215,2013,-0.0192925277509998
"1333",216,1989,-0.128664711206869
"1334",216,1992,-0.186815846713107
"1335",216,1995,-0.193694950792712
"1336",216,1998,-0.182448514678013
"1337",216,2001,-0.176161679156046
"1338",216,2004,-0.207433263013688
"1339",216,2007,-0.249894115458322
"1340",216,2010,-0.289081601730643
"1341",216,2013,-0.346237763975616
"1342",217,1989,0.091352904798283
"1343",217,1992,0.0877293332372174
"1344",217,1995,0.0398158567774936
"1345",217,1998,0.0500067084507312
"1346",217,2001,0.063277539879667
"1347",217,2004,0.097568882466978
"1348",217,2007,0.295491247621308
"1349",217,2010,0.105025568405318
"1350",217,2013,0.2268843132983
"1351",220,1989,0.392458010335917
"1352",220,1992,0.460266257040451
"1353",220,1995,0.161068576051346
"1354",220,1998,0.208621432008713
"1355",220,2001,0.290124180898104
"1356",220,2004,0.24251075330212
"1357",220,2007,0.202729875418179
"1358",220,2010,0.289899467287484
"1359",220,2013,0.604522290941889
"1360",222,1989,-0.0600208181979382
"1361",222,1992,-0.0524433156406417
"1362",222,1995,-0.0064126999351229
"1363",222,1998,-0.0211763242714424
"1364",222,2001,-0.0805973706910508
"1365",222,2004,-0.0481778489256314
"1366",222,2007,-0.052584887704184
"1367",222,2010,-0.0760725043879176
"1368",222,2013,-0.112384771295676
"1369",223,1989,-0.118631310693342
"1370",223,1992,-0.11728088707228
"1371",223,1995,-0.121683687938693
"1372",223,1998,-0.136511685231443
"1373",223,2001,-0.143594999120195
"1374",223,2004,-0.157614913154561
"1375",223,2007,-0.175555655669463
"1376",223,2010,-0.187627577195808
"1377",223,2013,-0.190541860786383
"1378",225,1989,1.02835749845179
"1379",225,1992,0.838247437943117
"1380",225,1995,0.98629315829324
"1381",225,1998,0.773249029068982
"1382",225,2001,0.649249172779635
"1383",225,2004,0.961070831033719
"1384",225,2007,1.00740161029749
"1385",225,2010,1.07077768100694
"1386",225,2013,1.02908649788006
"1387",226,1989,-0.000186156346056603
"1388",226,1992,-0.000414450544076444
"1389",226,1995,-0.000510804580470307
"1390",226,1998,-0.00173338051618148
"1391",226,2001,-0.000185296168558597
"1392",226,2004,-0.000175306479603519
"1393",226,2007,0.000712815072632217
"1394",226,2010,0.00277312267422873
"1395",226,2013,0.00367587334343856
"1396",229,1989,0.6339818655126
"1397",229,1992,0.642825853273987
"1398",229,1995,0.67630411589128
"1399",229,1998,0.720600440102101
"1400",229,2001,0.742676036717601
"1401",229,2004,0.815474566543828
"1402",229,2007,0.837025336023918
"1403",229,2010,0.828135103747189
"1404",229,2013,0.838531167256242
"1405",230,1989,0.0562024591816401
"1406",230,1992,0.0188265148968758
"1407",230,1995,-0.0381081246030347
"1408",230,1998,0.0118421192077535
"1409",230,2001,0.0243049320377208
"1410",230,2004,0.0411464912769491
"1411",230,2007,0.116118262788602
"1412",230,2010,0.10699666353325
"1413",230,2013,0.071577068923461
"1414",231,1989,0.155457877676039
"1415",231,1992,0.118868250622526
"1416",231,1995,0.0877436391684831
"1417",231,1998,0.101541946974199
"1418",231,2001,0.121523201285089
"1419",231,2004,0.136946458783009
"1420",231,2007,0.204672050084739
"1421",231,2010,0.211911562216566
"1422",231,2013,0.197771168245892
"1423",233,1989,-0.0158334931062204
"1424",233,1992,-0.0107219538378959
"1425",233,1995,-0.00544226467045259
"1426",233,1998,0.00775484924273259
"1427",233,2001,0.0310935462561963
"1428",233,2004,0.00492776554882543
"1429",233,2007,0.0242771784533798
"1430",233,2010,0.0278955777615295
"1431",233,2013,0.0514738401424471
"1432",234,1989,-0.137985819396245
"1433",234,1992,-0.327463455483972
"1434",234,1995,-0.213656368410406
"1435",234,1998,-0.184226547201953
"1436",234,2001,-0.0837573304027377
"1437",234,2004,-0.111943379549763
"1438",234,2007,-0.167244583929234
"1439",234,2010,-0.0954259470424085
"1440",234,2013,-0.00979809379753859
"1441",235,1989,0.0562024591816401
"1442",235,1992,0.0100065677190212
"1443",235,1995,-0.0874049017153795
"1444",235,1998,-0.065860690438486
"1445",235,2001,-0.0904048302491944
"1446",235,2004,-0.117052692993444
"1447",235,2007,-0.140036583227876
"1448",235,2010,-0.066553796289774
"1449",235,2013,-0.0815782536131537
"1450",236,1989,-0.0169849975778072
"1451",236,1992,-0.013103378157748
"1452",236,1995,-0.00524016303261336
"1453",236,1998,-5.88061558350303e-05
"1454",236,2001,0.0491072094076711
"1455",236,2004,0.0449260090889196
"1456",236,2007,0.0684998733528457
"1457",236,2010,0.0992037074307727
"1458",236,2013,0.0858980005366976
"1459",237,1989,-0.0167954945462496
"1460",237,1992,-0.00871854108511532
"1461",237,1995,-0.000659787957873115
"1462",237,1998,-0.00299768970726342
"1463",237,2001,-0.00464055288295835
"1464",237,2004,-0.00956518262731786
"1465",237,2007,-0.0122766347517528
"1466",237,2010,-0.00600116672168311
"1467",237,2013,-0.0153232637933479
"1468",238,1989,-0.012543680878237
"1469",238,1992,-0.0122444500188135
"1470",238,1995,-0.0116809985919767
"1471",238,1998,-0.00940894729291916
"1472",238,2001,-0.00841430029991825
"1473",238,2004,-0.0103554711831926
"1474",238,2007,-0.0107643687394335
"1475",238,2010,-0.116158071149587
"1476",238,2013,-0.0195345873913241
"1477",244,1989,-0.074100409394527
"1478",244,1992,-0.0806734006734007
"1479",244,1995,-0.0814327485380117
"1480",244,1998,-0.03495104299702
"1481",244,2001,-0.03125
"1482",244,2004,-0.0202205882352941
"1483",244,2007,-0.0117845117845118
"1484",244,2010,0.0429599640125956
"1485",244,2013,0.11114187276978
"1486",249,1989,0.0595967232542104
"1487",249,1992,0.0810443232767744
"1488",249,1995,0.0798853175891847
"1489",249,1998,0.0287199096927061
"1490",249,2001,-0.0193065412504946
"1491",249,2004,0.0352768500324291
"1492",249,2007,0.131531169456368
"1493",249,2010,0.122095863238454
"1494",249,2013,0.10158070482905
"1495",251,1989,-0.00309724214768503
"1496",251,1992,-0.00379711224970617
"1497",251,1995,0.00903110894778444
"1498",251,1998,0.0333221615039128
"1499",251,2001,0.0587899955839255
"1500",251,2004,0.0571235028515305
"1501",251,2007,0.0686385359256241
"1502",251,2010,0.0736962751172174
"1503",251,2013,0.0680450993755958
"1504",255,1989,0.255114071117802
"1505",255,1992,0.340482433149735
"1506",255,1995,0.0894410782282733
"1507",255,1998,0.25451418500879
"1508",255,2001,-0.00209727015125924
"1509",255,2004,-0.0622074369224964
"1510",255,2007,-0.1719012601387
"1511",255,2010,-0.0553477356231147
"1512",255,2013,-0.0942680303169501
"1513",256,1989,0.255114071117802
"1514",256,1992,0.340482433149735
"1515",256,1995,0.0894410782282733
"1516",256,1998,0.25451418500879
"1517",256,2001,0.666748455965932
"1518",256,2004,0.956900081900082
"1519",256,2007,0.974285748724578
"1520",256,2010,0.999904205383657
"1521",256,2013,1.00826926961044
"1522",272,1989,-0.069274228449884
"1523",272,1992,0.0629179125764741
"1524",272,1995,-0.0239018917382783
"1525",272,1998,0.0492663039468631
"1526",272,2001,-0.0183252078412612
"1527",272,2004,0.000986487793230058
"1528",272,2007,-0.0822438944721553
"1529",272,2010,-0.0848315493038249
"1530",272,2013,-0.137214824158443
"1531",273,1989,-0.069274228449884
"1532",273,1992,0.0629179125764741
"1533",273,1995,-0.0239018917382783
"1534",273,1998,0.0492663039468631
"1535",273,2001,-0.0183252078412612
"1536",273,2004,0.000986487793230058
"1537",273,2007,0.191412990566827
"1538",273,2010,0.374156814786094
"1539",273,2013,0.327419377188809
